"Keyword","AllInTitleCount","CompetitionStatus","IsGoldmine","VolumeIndicator"
"gpa calculator with current gpa and credits","4","Very Low: 1-2 Pages of Results (Goldmine)","True","High (Autocomplete Suggested)"
"converter case for iphone 16 pro max","6","Very Low: 1-2 Pages of Results (Goldmine)","True","High (Autocomplete Suggested)"
"age calculator with height and weight","7","Very Low: 1-2 Pages of Results (Goldmine)","True","High (Autocomplete Suggested)"
"tally counter se kya hota hai","10","Very Low: 1-2 Pages of Results (Goldmine)","True","High (Autocomplete Suggested)"
"age calculator for a specific date","10","Very Low: 1-2 Pages of Results (Goldmine)","True","High (Autocomplete Suggested)"
"convert pdf with ocr to excel free","10","Very Low: 1-2 Pages of Results (Goldmine)","True","High (Autocomplete Suggested)"
"how to convert decimal to binary converter","10","Very Low: 1-2 Pages of Results (Goldmine)","True","High (Autocomplete Suggested)"
"gpa calculator with ap and honors classes","10","Very Low: 1-2 Pages of Results (Goldmine)","True","High (Autocomplete Suggested)"
"word counter extension for google docs","10","Very Low: 1-2 Pages of Results (Goldmine)","True","High (Autocomplete Suggested)"
"age calculator with month and year","10","Very Low: 1-2 Pages of Results (Goldmine)","True","High (Autocomplete Suggested)"
"case converter convert uppercase to lowercase and caps","10","Very Low: 1-2 Pages of Results (Goldmine)","True","High (Autocomplete Suggested)"
"age calculator with date of birth","10","Very Low: 1-2 Pages of Results (Goldmine)","True","High (Autocomplete Suggested)"
"age calculator with year and month","10","Very Low: 1-2 Pages of Results (Goldmine)","True","High (Autocomplete Suggested)"
"tally counter a quoi ca sert","10","Very Low: 1-2 Pages of Results (Goldmine)","True","High (Autocomplete Suggested)"
"percentage calculator what is x of y","14","Very Low: 1-2 Pages of Results (Goldmine)","True","High (Autocomplete Suggested)"
"date of birth calculator as on date","50","Low: 3-6 Pages of Results (Perfect Goldmine)","True","High (Autocomplete Suggested)"
"wheel spinner with all nba teams","50","Low: 3-6 Pages of Results (Perfect Goldmine)","True","High (Autocomplete Suggested)"
"age calculator with time and date","50","Low: 3-6 Pages of Results (Perfect Goldmine)","True","High (Autocomplete Suggested)"
"date calculator in years months and days in excel","50","Low: 3-6 Pages of Results (Perfect Goldmine)","True","High (Autocomplete Suggested)"
"design hit counter with variable time windows","50","Low: 3-6 Pages of Results (Perfect Goldmine)","True","High (Autocomplete Suggested)"
"date calculator with hours and minutes","50","Low: 3-6 Pages of Results (Perfect Goldmine)","True","High (Autocomplete Suggested)"
"word counter excluding in text citations","50","Low: 3-6 Pages of Results (Perfect Goldmine)","True","High (Autocomplete Suggested)"
"how to make a click counter","50","Low: 3-6 Pages of Results (Perfect Goldmine)","True","High (Autocomplete Suggested)"
"convert pdf with multiple pages to jpg","50","Low: 3-6 Pages of Results (Perfect Goldmine)","True","High (Autocomplete Suggested)"
"wheel spinner with all world cup teams","50","Low: 3-6 Pages of Results (Perfect Goldmine)","True","High (Autocomplete Suggested)"
"due date calculator with last period","50","Low: 3-6 Pages of Results (Perfect Goldmine)","True","High (Autocomplete Suggested)"
"what is the quantity measure of a stopwatch","50","Low: 3-6 Pages of Results (Perfect Goldmine)","True","High (Autocomplete Suggested)"
"wheel spinner with every country in the world","50","Low: 3-6 Pages of Results (Perfect Goldmine)","True","High (Autocomplete Suggested)"
"due date calculator with frozen embryo transfer","51","Low: 3-6 Pages of Results (Perfect Goldmine)","True","High (Autocomplete Suggested)"
"due date calculator with fet transfer","52","Low: 3-6 Pages of Results (Perfect Goldmine)","True","High (Autocomplete Suggested)"
"percentage calculator x out of y","53","Low: 3-6 Pages of Results (Perfect Goldmine)","True","High (Autocomplete Suggested)"
"age calculator how old was i","54","Low: 3-6 Pages of Results (Perfect Goldmine)","True","High (Autocomplete Suggested)"
"wheel spinner with all the countries","56","Low: 3-6 Pages of Results (Perfect Goldmine)","True","High (Autocomplete Suggested)"
"convert pdf with multiple pages to excel","63","Medium-Low: Under 20 Pages","False","High (Autocomplete Suggested)"
"age calculator with time of birth","66","Medium-Low: Under 20 Pages","False","High (Autocomplete Suggested)"
"age calculator with minutes and seconds","69","Medium-Low: Under 20 Pages","False","High (Autocomplete Suggested)"
"pdf to word converter with qr code","75","Medium-Low: Under 20 Pages","False","High (Autocomplete Suggested)"
"tally counter hsn code and gst rate","92","Medium-Low: Under 20 Pages","False","High (Autocomplete Suggested)"
"percentage calculator marks 10th 12th class","96","Medium-Low: Under 20 Pages","False","High (Autocomplete Suggested)"
"date to date calculator - google search","669","High Competition / Untargeted","False","High (Autocomplete Suggested)"
"age calculator with day month year","1130","High Competition / Untargeted","False","High (Autocomplete Suggested)"
"wheel spinner with every nfl team","2540","High Competition / Untargeted","False","High (Autocomplete Suggested)"
"ac to dc converter device name in hindi","2630","High Competition / Untargeted","False","High (Autocomplete Suggested)"
"age calculator with date month and year","3300","High Competition / Untargeted","False","High (Autocomplete Suggested)"
"wheel spinner with all 50 states","6190","High Competition / Untargeted","False","High (Autocomplete Suggested)"
"can you put a timer for 20 minutes","7380","High Competition / Untargeted","False","High (Autocomplete Suggested)"
"wheel spinner with world cup teams","8450","High Competition / Untargeted","False","High (Autocomplete Suggested)"
"age calculator how old am i","8940","High Competition / Untargeted","False","High (Autocomplete Suggested)"
"due date calculator with weeks and days","12500","High Competition / Untargeted","False","High (Autocomplete Suggested)"
"age calculator with years months and days","13900","High Competition / Untargeted","False","High (Autocomplete Suggested)"
"age calculator with months and days","14900","High Competition / Untargeted","False","High (Autocomplete Suggested)"
"tally counter yakuza like a dragon","21600","High Competition / Untargeted","False","High (Autocomplete Suggested)"
"percentage calculator last year vs this year","26700","High Competition / Untargeted","False","High (Autocomplete Suggested)"
"gpa calculator with number grades high school","27000","High Competition / Untargeted","False","High (Autocomplete Suggested)"
"due date calculator with ivf transfer","31600","High Competition / Untargeted","False","High (Autocomplete Suggested)"
"age calculator grow a garden pet","33400","High Competition / Untargeted","False","High (Autocomplete Suggested)"
"age calculator with date and month","45700","High Competition / Untargeted","False","High (Autocomplete Suggested)"
"wheel spinner with all nfl teams","54500","High Competition / Untargeted","False","High (Autocomplete Suggested)"
"free pdf converter with no sign up","59100","High Competition / Untargeted","False","High (Autocomplete Suggested)"
"payoff date calculator with extra payments","59800","High Competition / Untargeted","False","High (Autocomplete Suggested)"
"convert pdf with ocr to word free online","72800","High Competition / Untargeted","False","High (Autocomplete Suggested)"
"tabata timer pro apk free download","76800","High Competition / Untargeted","False","High (Autocomplete Suggested)"
"age calculator year by date of birth","83500","High Competition / Untargeted","False","High (Autocomplete Suggested)"
"convert pdf with ocr to word free","89800","High Competition / Untargeted","False","High (Autocomplete Suggested)"
"age calculator with hours and minutes","90700","High Competition / Untargeted","False","High (Autocomplete Suggested)"
"due date calculator with hcg levels","92200","High Competition / Untargeted","False","High (Autocomplete Suggested)"
"wheel spinner yes or no picker","95500","High Competition / Untargeted","False","High (Autocomplete Suggested)"
"gpa calculator with no + or -","115000","High Competition / Untargeted","False","High (Autocomplete Suggested)"
"age calculator with date and time","117000","High Competition / Untargeted","False","High (Autocomplete Suggested)"
"age calculator from date of birth","152000","High Competition / Untargeted","False","High (Autocomplete Suggested)"
"random word generator with your own words","227000","High Competition / Untargeted","False","High (Autocomplete Suggested)"
"age calculator with weight and height","227000","High Competition / Untargeted","False","High (Autocomplete Suggested)"
"age calculator with date of birth in excel","311000","High Competition / Untargeted","False","High (Autocomplete Suggested)"
"due date calculator with embryo transfer","311000","High Competition / Untargeted","False","High (Autocomplete Suggested)"
"timer with days hours minutes and seconds","317000","High Competition / Untargeted","False","High (Autocomplete Suggested)"
"due date calculator with late ovulation","317000","High Competition / Untargeted","False","High (Autocomplete Suggested)"
"gpa calculator with only a b and c","317000","High Competition / Untargeted","False","High (Autocomplete Suggested)"
"age calculator in years and months","612000","High Competition / Untargeted","False","High (Autocomplete Suggested)"
"due date calculator with long cycle","899000","High Competition / Untargeted","False","High (Autocomplete Suggested)"
"convert pdf with non selectable text to word","2190000","High Competition / Untargeted","False","High (Autocomplete Suggested)"
