"Keyword","BroadResultsCount","CompetitionStatus","SearchVolume"
"gpa calculator for us and international grading systems","9","Low Competition (3-5 Pages / Under 50 results)","High (Autocomplete Validated)"
"gpa calculator anna university regulation 2021","571","High Competition","High (Autocomplete Validated)"
"pdf to word converter online free","5820","High Competition","High (Autocomplete Validated)"
"pdf to word converter i love pdf","14100","High Competition","High (Autocomplete Validated)"
"pdf to word i love pdf","14200","High Competition","High (Autocomplete Validated)"
"base64 encode and decode - online","38200","High Competition","High (Autocomplete Validated)"
"age calculator by date of birth","65000","High Competition","High (Autocomplete Validated)"
"tally counter finger ring near me","88700","High Competition","High (Autocomplete Validated)"
"tally counter se kya hota hai","88700","High Competition","High (Autocomplete Validated)"
"tally counter machine kya hota hai","88700","High Competition","High (Autocomplete Validated)"
"tally counter tasbeeh price in pakistan","88700","High Competition","High (Autocomplete Validated)"
"tally counter under ₹ 10 online","88700","High Competition","High (Autocomplete Validated)"
"tally counter what is it used for","88700","High Competition","High (Autocomplete Validated)"
"webp to svg converter online free","92100","High Competition","High (Autocomplete Validated)"
"webp to gif converter online free","92100","High Competition","High (Autocomplete Validated)"
"timer on in ac remote means","113000","High Competition","High (Autocomplete Validated)"
"tabata or hiit for fat loss","114000","High Competition","High (Autocomplete Validated)"
"tabata songs he's a pirate (tabata)","114000","High Competition","High (Autocomplete Validated)"
"stopwatch used in 12th fail movie","117000","High Competition","High (Autocomplete Validated)"
"counter waiting ticket is valid or not","127000","High Competition","High (Autocomplete Validated)"
"counter attack of the superrich house husband","127000","High Competition","High (Autocomplete Validated)"
"roman numerals up to 1 to 100","143000","High Competition","High (Autocomplete Validated)"
"random name picker for lucky draw","152000","High Competition","High (Autocomplete Validated)"
"random name and address generator us","152000","High Competition","High (Autocomplete Validated)"
"random name and last name generator","152000","High Competition","High (Autocomplete Validated)"
"wheel spinner to pick a winner","160000","High Competition","High (Autocomplete Validated)"
"wheel spinner countries of the world","160000","High Competition","High (Autocomplete Validated)"
"age calculator with date of birth","270000","High Competition","High (Autocomplete Validated)"
"age calculator using date of birth","270000","High Competition","High (Autocomplete Validated)"
"age calculator with time of birth","270000","High Competition","High (Autocomplete Validated)"
"age calculator telugu by date of birth","270000","High Competition","High (Autocomplete Validated)"
"age calculator online by date of birth","270000","High Competition","High (Autocomplete Validated)"
"age calculator pregnancy week by week","270000","High Competition","High (Autocomplete Validated)"
"age calculator as per date of birth","270000","High Competition","High (Autocomplete Validated)"
"age calculator online by date of birth free","270000","High Competition","High (Autocomplete Validated)"
"age calculator by date of birth free","270000","High Competition","High (Autocomplete Validated)"
"age calculator by date of birth free online india","270000","High Competition","High (Autocomplete Validated)"
"age calculator for school admission in telangana","270000","High Competition","High (Autocomplete Validated)"
"age calculator by date of birth and time","270000","High Competition","High (Autocomplete Validated)"
"age calculator by date of birth free online","270000","High Competition","High (Autocomplete Validated)"
"case converter convert uppercase to lowercase and caps","271000","High Competition","High (Autocomplete Validated)"
"case converter tool invisible text generator","271000","High Competition","High (Autocomplete Validated)"
"qr code full form in english","273000","High Competition","High (Autocomplete Validated)"
"generator to run 1.5 ton ac","274000","High Competition","High (Autocomplete Validated)"
"converter case for iphone 16 pro max","282000","High Competition","High (Autocomplete Validated)"
"converter case for iphone 16 pro","282000","High Competition","High (Autocomplete Validated)"
"converter square feet to square meter","282000","High Competition","High (Autocomplete Validated)"
"converter word to pdf online free","282000","High Competition","High (Autocomplete Validated)"
"word counter the word count calculator","414000","High Competition","High (Autocomplete Validated)"
"word counter max for google docs","414000","High Competition","High (Autocomplete Validated)"
"word counter option is under menu","414000","High Competition","High (Autocomplete Validated)"
"date calculator excel formula from today","465000","High Competition","High (Autocomplete Validated)"
"date calculator online between two dates","465000","High Competition","High (Autocomplete Validated)"
"date calculator from number of days","465000","High Competition","High (Autocomplete Validated)"
"date calculator from date to date","465000","High Competition","High (Autocomplete Validated)"
"date calculator using number of days","465000","High Competition","High (Autocomplete Validated)"
"date calculator with number of days","465000","High Competition","High (Autocomplete Validated)"
"url encode and decode - online","568000","High Competition","High (Autocomplete Validated)"
"hit counter using session in php","710000","High Competition","High (Autocomplete Validated)"
"click and collect under counter fridge","792000","High Competition","High (Autocomplete Validated)"
