"Keyword","BroadResultCount","Status","SearchVolumeNote"
"matem online sinav hazirlik","10","Ultra Low GOLDMINE Under 5 pages","Verify in Google Keyword Planner"
"wiskunde examen voorbereiding online","55","Very Low 5-10 pages estimated","Verify in Google Keyword Planner"
"matematika ujian online latihan soal","64","Very Low 5-10 pages estimated","Verify in Google Keyword Planner"
"mathe fernstudium pruefung vorbereitung","52400","Low Under 30000 pages","Verify in Google Keyword Planner"
"matematica esame online preparazione","56700","Low Under 30000 pages","Verify in Google Keyword Planner"
"matematica prova online simulado gratis","56700","Low Under 30000 pages","Verify in Google Keyword Planner"
"matematicas examen practico online gratis","60700","Low Under 30000 pages","Verify in Google Keyword Planner"
"maths neco waec practice questions pdf","93300","Low Under 30000 pages","Verify in Google Keyword Planner"
"maths tet state board exam study material","93300","Low Under 30000 pages","Verify in Google Keyword Planner"
"maths dsst practice test online free","93300","Low Under 30000 pages","Verify in Google Keyword Planner"
